SWC,SWP
7.36497545,1458.79227
12.84779051,54.96651463
16.68739771,17.79955584
20.30114566,6.159215056
22.5400982,2.61228933
40.7594108,0.575526687
65.30605565,0.204474097
