SWC,SWP
4.801963993,1390.094067
17.73158756,55.00795908
21.33878887,17.8398485
29.59738134,5.798808794
29.27986907,2.500552669
77.9410802,0.437767849
81.57774141,0.190058401
