SWC,SWP
7.590834697,1365.174652
26.32733224,50.36486331
33.88543372,15.92076725
39.5908347,5.434858182
50.8903437,2.104151098
86.76923077,0.400213124
87.60720131,0.160533121
